old_membership_id,new_membership_id
GK2023P001,GK2023P0001
GK2023P002,GK2023P0002
GK2023P003,GK2023P0003
GK2023P004,GK2023P0004
GK2023P005,GK2023P0005
GK2023P006,GK2023P0006
GK2023P007,GK2023P0007
GK2023P008,GK2023P0008
GK2023P009,GK2023P0009
GK2023P010,GK2023P0010
GK2023P011,GK2023P0011
GK2023P012,GK2023P0012
GK2023P013,GK2023P0013
GK2023P014,GK2023P0014
GK2023P015,GK2023P0015
GK2023P016,GK2023P0016
GK2023P017,GK2023P0017
GK2023P018,GK2023P0018
GK2023P019,GK2023P0019
GK2023P020,GK2023P0020
GK2023P021,GK2023P0021
GK2023P022,GK2023P0022
GK2023P023,GK2023P0023
GK2023P024,GK2023P0024
GK2023P025,GK2023P0025
GK2023P026,GK2023P0026
GK2023P027,GK2023P0027
GK2023P028,GK2023P0028
GK2023P029,GK2023P0029
GK2023P030,GK2023P0030
GK2023P031,GK2023P0031
GK2023P032,GK2023P0032
GK2023P033,GK2023P0033
GK2023P034,GK2023P0034
GK2023P035,GK2023P0035
GK2023P036,GK2023P0036
GK2023P037,GK2023P0037
GK2023P038,GK2023P0038
GK2023P039,GK2023P0039
GK2023P040,GK2023P0040
GK2023P041,GK2023P0041
GK2023P042,GK2023P0042
GK2023P043,GK2023P0043
GK2023P044,GK2023P0044
GK2023P045,GK2023P0045
GK2023P046,GK2023P0046
GK2023P047,GK2023P0047
GK2023P048,GK2023P0048
GK2023P049,GK2023P0049
GK2023P050,GK2023P0050
GK2023P051,GK2023P0051
GK2023P052,GK2023P0052
GK2023P053,GK2023P0053
GK2023P054,GK2023P0054
GK2023P055,GK2023P0055
GK2023P056,GK2023P0056
GK2023P057,GK2023P0057
GK2023P058,GK2023P0058
GK2023P059,GK2023P0059
GK2023P060,GK2023P0060
GK2023P061,GK2023P0061
GK2023P062,GK2023P0062
GK2023P063,GK2023P0063
GK2023P064,GK2023P0064
GK2023P065,GK2023P0065
GK2023P066,GK2023P0066
GK2023P067,GK2023P0067
GK2023P068,GK2023P0068
GK2023P069,GK2023P0069
GK2023P070,GK2023P0070
GK2023P071,GK2023P0071
GK2023P072,GK2023P0072
GK2023P073,GK2023P0073
GK2023P074,GK2023P0074
GK2023P075,GK2023P0075
GK2023P076,GK2023P0076
GK2023P077,GK2023P0077
GK2023P078,GK2023P0078
GK2023P079,GK2023P0079
GK2023P080,GK2023P0080
GK2023P081,GK2023P0081
GK2023P082,GK2023P0082
GK2023P083,GK2023P0083
GK2023P084,GK2023P0084
GK2023P085,GK2023P0085
GK2023P086,GK2023P0086
GK2023P087,GK2023P0087
GK2023P088,GK2023P0088
GK2023P089,GK2023P0089
GK2023P090,GK2023P0090
GK2023P091,GK2023P0091
GK2023P092,GK2023P0092
GK2023P093,GK2023P0093
GK2023P094,GK2023P0094
GK2023P095,GK2023P0095
GK2023P096,GK2023P0096
GK2023P097,GK2023P0097
GK2023P098,GK2023P0098
GK2023P099,GK2023P0099
GK2023P100,GK2023P0100
GK2023P101,GK2023P0101
GK2023P102,GK2023P0102
GK2023P103,GK2023P0103
GK2023P104,GK2023P0104
GK2023P105,GK2023P0105
GK2023P106,GK2023P0106
GK2023P107,GK2023P0107
GK2023P108,GK2023P0108
GK2023P109,GK2023P0109
GK2023P110,GK2023P0110
GK2023P111,GK2023P0111
GK2023P112,GK2023P0112
GK2023P113,GK2023P0113
GK2023P114,GK2023P0114
GK2023P115,GK2023P0115
GK2023P116,GK2023P0116
GK2023P117,GK2023P0117
GK2023P118,GK2023P0118
GK2023P119,GK2023P0119
GK2023P120,GK2023P0120
GK2023P121,GK2023P0121
GK2023P122,GK2023P0122
GK2023P123,GK2023P0123
GK2023P124,GK2023P0124
GK2023P125,GK2023P0125
GK2023P126,GK2023P0126
GK2023P127,GK2023P0127
GK2023P128,GK2023P0128
GK2023P129,GK2023P0129
GK2023P130,GK2023P0130
GK2023P131,GK2023P0131
GK2023P132,GK2023P0132
GK2023P133,GK2023P0133
GK2023P134,GK2023P0134
GK2023P135,GK2023P0135
GK2023P136,GK2023P0136
GK2023P137,GK2023P0137
GK2023P138,GK2023P0138
GK2023P139,GK2023P0139
GK2023P140,GK2023P0140
GK2023P141,GK2023P0141
GK2023P142,GK2023P0142
GK2023P143,GK2023P0143
GK2023P144,GK2023P0144
GK2023P145,GK2023P0145
GK2023P146,GK2023P0146
GK2023P147,GK2023P0147
GK2023P148,GK2023P0148
GK2023P149,GK2023P0149
GK2023P150,GK2023P0150
GK2023P151,GK2023P0151
GK2023P152,GK2023P0152
GK2023P153,GK2023P0153
GK2023P154,GK2023P0154
GK2023P155,GK2023P0155
GK2023P156,GK2023P0156
GK2023P157,GK2023P0157
GK2023P158,GK2023P0158
GK2023P159,GK2023P0159
GK2023P160,GK2023P0160
GK2023P161,GK2023P0161
GK2023P162,GK2023P0162
GK2023P163,GK2023P0163
GK2023P164,GK2023P0164
GK2023P165,GK2023P0165
GK2023P166,GK2023P0166
GK2023P167,GK2023P0167
GK2023P168,GK2023P0168
GK2023P169,GK2023P0169
GK2023P170,GK2023P0170
GK2023P171,GK2023P0171
GK2023P172,GK2023P0172
GK2023P173,GK2023P0173
GK2023P174,GK2023P0174
GK2023P175,GK2023P0175
GK2023P176,GK2023P0176
GK2023P177,GK2023P0177
GK2023P178,GK2023P0178
GK2023P179,GK2023P0179
GK2023P180,GK2023P0180
GK2023P181,GK2023P0181
GK2023P182,GK2023P0182
GK2023P183,GK2023P0183
GK2023P184,GK2023P0184
GK2023P185,GK2023P0185
GK2023P186,GK2023P0186
GK2023P187,GK2023P0187
GK2023P188,GK2023P0188
GK2023P189,GK2023P0189
GK2023P190,GK2023P0190
GK2023P191,GK2023P0191
GK2023P192,GK2023P0192
GK2023P193,GK2023P0193
GK2023P194,GK2023P0194
GK2023P195,GK2023P0195
GK2023P196,GK2023P0196
GK2023P197,GK2023P0197
GK2023P198,GK2023P0198
GK2023P199,GK2023P0199
GK2023P200,GK2023P0200
GK2023P201,GK2023P0201
GK2023P202,GK2023P0202
GK2023P203,GK2023P0203
GK2023P204,GK2023P0204
GK2023P205,GK2023P0205
GK2023P206,GK2023P0206
GK2023P207,GK2023P0207
GK2023P208,GK2023P0208
GK2023P209,GK2023P0209
GK2023P210,GK2023P0210
GK2023P211,GK2023P0211
GK2023P212,GK2023P0212
GK2023P213,GK2023P0213
GK2023P214,GK2023P0214
GK2023P215,GK2023P0215
GK2023P216,GK2023P0216
GK2023P217,GK2023P0217
GK2023P218,GK2023P0218
GK2023P219,GK2023P0219
GK2023P220,GK2023P0220
GK2023P221,GK2023P0221
GK2023P222,GK2023P0222
GK2023P223,GK2023P0223
GK2023P224,GK2023P0224
GK2023P225,GK2023P0225
GK2023P226,GK2023P0226
GK2023P227,GK2023P0227
GK2023P228,GK2023P0228
GK2023P229,GK2023P0229
GK2023P230,GK2023P0230
GK2023P231,GK2023P0231
GK2023P232,GK2023P0232
GK2023P233,GK2023P0233
GK2023P234,GK2023P0234
GK2023P235,GK2023P0235
GK2023P236,GK2023P0236
GK2023P237,GK2023P0237
GK2023P238,GK2023P0238
GK2023P239,GK2023P0239
GK2023P240,GK2023P0240
GK2023P241,GK2023P0241
GK2023P242,GK2023P0242
GK2023P243,GK2023P0243
GK2023P244,GK2023P0244
GK2023P245,GK2023P0245
GK2023P246,GK2023P0246
GK2023P247,GK2023P0247
GK2023P248,GK2023P0248
GK2023P249,GK2023P0249
GK2023P250,GK2023P0250
GK2023P251,GK2023P0251
GK2023P252,GK2023P0252
GK2023P253,GK2023P0253
GK2023P254,GK2023P0254
GK2023P255,GK2023P0255
GK2023P256,GK2023P0256
GK2023P257,GK2023P0257
GK2023P258,GK2023P0258
GK2023P259,GK2023P0259
GK2023P260,GK2023P0260
GK2023P261,GK2023P0261
GK2023P262,GK2023P0262
GK2023P263,GK2023P0263
GK2023P264,GK2023P0264
GK2023P265,GK2023P0265
GK2023P266,GK2023P0266
GK2023P267,GK2023P0267
GK2023P268,GK2023P0268
GK2023P269,GK2023P0269
GK2023P270,GK2023P0270
GK2023P271,GK2023P0271
GK2023P272,GK2023P0272
GK2023P273,GK2023P0273
GK2023P274,GK2023P0274
GK2023P275,GK2023P0275
GK2023P276,GK2023P0276
GK2023P277,GK2023P0277
GK2023P278,GK2023P0278
GK2023P279,GK2023P0279
GK2023P280,GK2023P0280
GK2023P281,GK2023P0281
GK2023P282,GK2023P0282
GK2023P283,GK2023P0283
GK2023P284,GK2023P0284
GK2023P285,GK2023P0285
GK2023P286,GK2023P0286
GK2023P287,GK2023P0287
GK2023P288,GK2023P0288
GK2023P289,GK2023P0289
GK2023P290,GK2023P0290
GK2023P291,GK2023P0291
GK2023P292,GK2023P0292
GK2023P293,GK2023P0293
GK2023P294,GK2023P0294
GK2023P295,GK2023P0295
GK2023P296,GK2023P0296
GK2023P297,GK2023P0297
GK2023P298,GK2023P0298
GK2023P299,GK2023P0299
GK2023P300,GK2023P0300
GK2023P301,GK2023P0301
GK2023P302,GK2023P0302
GK2023P303,GK2023P0303
GK2023P304,GK2023P0304
GK2023P305,GK2023P0305
GK2023P306,GK2023P0306
GK2023P307,GK2023P0307
GK2023P308,GK2023P0308
GK2023P309,GK2023P0309
GK2023P310,GK2023P0310
GK2023P311,GK2023P0311
GK2023P312,GK2023P0312
GK2023P313,GK2023P0313
GK2023P314,GK2023P0314
GK2023P315,GK2023P0315
GK2023P316,GK2023P0316
GK2023P317,GK2023P0317
GK2023P318,GK2023P0318
GK2023P319,GK2023P0319
GK2023P320,GK2023P0320
GK2023P321,GK2023P0321
GK2023P322,GK2023P0322
GK2023P323,GK2023P0323
GK2023P324,GK2023P0324
GK2023P325,GK2023P0325
GK2023P326,GK2023P0326
GK2023P327,GK2023P0327
GK2023P328,GK2023P0328
GK2023P329,GK2023P0329
GK2023P330,GK2023P0330
GK2023P331,GK2023P0331
GK2023P332,GK2023P0332
GK2023P333,GK2023P0333
GK2023P334,GK2023P0334
GK2023P335,GK2023P0335
GK2023P336,GK2023P0336
GK2023P337,GK2023P0337
GK2023P338,GK2023P0338
GK2023P339,GK2023P0339
GK2023P340,GK2023P0340
GK2023P341,GK2023P0341
GK2023P342,GK2023P0342
GK2023P343,GK2023P0343
GK2023P344,GK2023P0344
GK2023P345,GK2023P0345
GK2023P346,GK2023P0346
GK2023P347,GK2023P0347
GK2023P348,GK2023P0348
GK2023P349,GK2023P0349
GK2023P350,GK2023P0350
GK2023P351,GK2023P0351
GK2023P352,GK2023P0352
GK2023P353,GK2023P0353
GK2023P354,GK2023P0354
GK2023P355,GK2023P0355
GK2023P356,GK2023P0356
GK2023P357,GK2023P0357
GK2023P358,GK2023P0358
GK2023P359,GK2023P0359
GK2023P360,GK2023P0360
GK2023P361,GK2023P0361
GK2023P362,GK2023P0362
GK2023P363,GK2023P0363
GK2023P364,GK2023P0364
GK2023P365,GK2023P0365
GK2023P366,GK2023P0366
GK2023P367,GK2023P0367
GK2023P368,GK2023P0368
GK2023P369,GK2023P0369
GK2023P370,GK2023P0370
GK2023P371,GK2023P0371
GK2023P372,GK2023P0372
GK2023P373,GK2023P0373
GK2023P374,GK2023P0374
GK2023P375,GK2023P0375
GK2023P376,GK2023P0376
GK2023P377,GK2023P0377
GK2023P378,GK2023P0378
GK2023P379,GK2023P0379
GK2023P380,GK2023P0380
GK2023P381,GK2023P0381
GK2023P382,GK2023P0382
GK2023P383,GK2023P0383
GK2023P384,GK2023P0384
GK2023P385,GK2023P0385
GK2023P386,GK2023P0386
GK2023P387,GK2023P0387
GK2023P388,GK2023P0388
GK2023P389,GK2023P0389
GK2023P390,GK2023P0390
GK2023P391,GK2023P0391
GK2023P392,GK2023P0392
GK2023P393,GK2023P0393
GK2023P394,GK2023P0394
GK2023P395,GK2023P0395
GK2023P396,GK2023P0396
GK2023P397,GK2023P0397
GK2023P398,GK2023P0398
GK2023P399,GK2023P0399
GK2023P400,GK2023P0400
GK2023P401,GK2023P0401
GK2023P402,GK2023P0402
GK2023P403,GK2023P0403
GK2023P404,GK2023P0404
GK2023P405,GK2023P0405
GK2023P406,GK2023P0406
GK2023P407,GK2023P0407
GK2023P408,GK2023P0408
GK2023P409,GK2023P0409
GK2023P410,GK2023P0410
GK2023P411,GK2023P0411
GK2023P412,GK2023P0412
GK2023P413,GK2023P0413
GK2023P414,GK2023P0414
GK2023P415,GK2023P0415
GK2023P416,GK2023P0416
GK2023P417,GK2023P0417
GK2023P418,GK2023P0418
GK2023P419,GK2023P0419
GK2023P420,GK2023P0420
GK2023P421,GK2023P0421
GK2023P422,GK2023P0422
GK2023P423,GK2023P0423
GK2023P424,GK2023P0424
GK2023P425,GK2023P0425
GK2023P426,GK2023P0426
GK2023P427,GK2023P0427
GK2023P428,GK2023P0428
GK2023P429,GK2023P0429
GK2023P430,GK2023P0430
GK2023P431,GK2023P0431
GK2023P432,GK2023P0432
GK2023P433,GK2023P0433
GK2023P434,GK2023P0434
GK2023P435,GK2023P0435
GK2023P436,GK2023P0436
GK2023P437,GK2023P0437
GK2023P438,GK2023P0438
GK2023P439,GK2023P0439
GK2023P440,GK2023P0440
GK2023P441,GK2023P0441
GK2023P442,GK2023P0442
GK2023P443,GK2023P0443
GK2023P444,GK2023P0444
GK2023P445,GK2023P0445
GK2023P446,GK2023P0446
GK2023P447,GK2023P0447
GK2023P448,GK2023P0448
GK2023P449,GK2023P0449
GK2023P450,GK2023P0450
GK2023P451,GK2023P0451
GK2023P452,GK2023P0452
GK2023P453,GK2023P0453
GK2023P454,GK2023P0454
GK2023P455,GK2023P0455
GK2023P456,GK2023P0456
GK2023P457,GK2023P0457
GK2023P458,GK2023P0458
GK2023P459,GK2023P0459
GK2023P460,GK2023P0460
GK2023P461,GK2023P0461
GK2023P462,GK2023P0462
GK2023P463,GK2023P0463
GK2023P464,GK2023P0464
GK2023P465,GK2023P0465
GK2023P466,GK2023P0466
GK2023P467,GK2023P0467
GK2023P468,GK2023P0468
GK2023P469,GK2023P0469
GK2023P470,GK2023P0470
GK2023P471,GK2023P0471
GK2023P472,GK2023P0472
GK2023P473,GK2023P0473
GK2023P474,GK2023P0474
GK2023P475,GK2023P0475
GK2023P476,GK2023P0476
GK2023P477,GK2023P0477
GK2023P478,GK2023P0478
GK2023P479,GK2023P0479
GK2023P480,GK2023P0480
GK2023P481,GK2023P0481
GK2023P482,GK2023P0482
GK2023P483,GK2023P0483
GK2023P484,GK2023P0484
GK2023P485,GK2023P0485
GK2023P486,GK2023P0486
GK2023P487,GK2023P0487
GK2023P488,GK2023P0488
GK2023P489,GK2023P0489
GK2023P490,GK2023P0490
GK2023P491,GK2023P0491
GK2023P492,GK2023P0492
GK2023P493,GK2023P0493
GK2023P494,GK2023P0494
GK2023P495,GK2023P0495
GK2023P496,GK2023P0496
GK2023P497,GK2023P0497
GK2023P498,GK2023P0498
GK2023P499,GK2023P0499
GK2023P500,GK2023P0500
GK2023P501,GK2023P0501
GK2023P502,GK2023P0502
GK2023P503,GK2023P0503
GK2023P504,GK2023P0504
GK2023P505,GK2023P0505
GK2023P506,GK2023P0506
GK2023P507,GK2023P0507
GK2023P508,GK2023P0508
GK2023P509,GK2023P0509
GK2023P510,GK2023P0510
GK2023P511,GK2023P0511
GK2023P512,GK2023P0512
GK2023P513,GK2023P0513
GK2023P514,GK2023P0514
GK2023P515,GK2023P0515
GK2023P516,GK2023P0516
GK2023P517,GK2023P0517
GK2023P518,GK2023P0518
GK2023P519,GK2023P0519
GK2023P520,GK2023P0520
GK2023P521,GK2023P0521
GK2023P522,GK2023P0522
GK2023P523,GK2023P0523
GK2023P524,GK2023P0524
GK2023P525,GK2023P0525
GK2023P526,GK2023P0526
GK2023P527,GK2023P0527
GK2023P528,GK2023P0528
GK2023P529,GK2023P0529
GK2023P530,GK2023P0530
GK2023P531,GK2023P0531
GK2023P532,GK2023P0532
GK2023P533,GK2023P0533
GK2023P534,GK2023P0534
GK2023P535,GK2023P0535
GK2023P536,GK2023P0536
GK2023P537,GK2023P0537
GK2023P538,GK2023P0538
GK2023P539,GK2023P0539
GK2023P540,GK2023P0540
GK2023P541,GK2023P0541
GK2023P542,GK2023P0542
GK2023P543,GK2023P0543
GK2023P544,GK2023P0544
GK2023P545,GK2023P0545
GK2023P546,GK2023P0546
GK2023P547,GK2023P0547
GK2023P548,GK2023P0548
GK2023P549,GK2023P0549
GK2023P550,GK2023P0550
GK2023P551,GK2023P0551
GK2023P552,GK2023P0552
GK2023P553,GK2023P0553
GK2023P554,GK2023P0554
GK2023P555,GK2023P0555
GK2023P556,GK2023P0556
GK2023P557,GK2023P0557
GK2023P558,GK2023P0558
GK2023P559,GK2023P0559
GK2023P560,GK2023P0560
GK2023P561,GK2023P0561
GK2023P562,GK2023P0562
GK2023P563,GK2023P0563
GK2023P564,GK2023P0564
GK2023P565,GK2023P0565
GK2023P566,GK2023P0566
GK2023P567,GK2023P0567
GK2023P568,GK2023P0568
GK2023P569,GK2023P0569
GK2023P570,GK2023P0570
GK2023P571,GK2023P0571
GK2023P572,GK2023P0572
GK2023P573,GK2023P0573
GK2023P574,GK2023P0574
GK2023P575,GK2023P0575
GK2023P576,GK2023P0576
GK2023P577,GK2023P0577
GK2023P578,GK2023P0578
GK2023P579,GK2023P0579
GK2023P580,GK2023P0580
GK2023P581,GK2023P0581
GK2023P582,GK2023P0582
GK2023P583,GK2023P0583
GK2023P584,GK2023P0584
GK2023P585,GK2023P0585
GK2023P586,GK2023P0586
GK2023P587,GK2023P0587
GK2023P588,GK2023P0588
GK2023P589,GK2023P0589
GK2023P590,GK2023P0590
GK2023P591,GK2023P0591
GK2023P592,GK2023P0592
GK2023P593,GK2023P0593
GK2023P594,GK2023P0594
GK2023P595,GK2023P0595
GK2023P596,GK2023P0596
GK2023P597,GK2023P0597
GK2023P598,GK2023P0598
GK2023P599,GK2023P0599
GK2023P600,GK2023P0600
GK2023P601,GK2023P0601
GK2023P602,GK2023P0602
GK2023P603,GK2023P0603
GK2023P604,GK2023P0604
GK2023P605,GK2023P0605
GK2023P606,GK2023P0606
GK2023P607,GK2023P0607
GK2023P608,GK2023P0608
GK2023P609,GK2023P0609
GK2023P610,GK2023P0610
GK2023P611,GK2023P0611
GK2023P612,GK2023P0612
GK2023P613,GK2023P0613
GK2023P614,GK2023P0614
GK2023P615,GK2023P0615
GK2023P616,GK2023P0616
GK2023P617,GK2023P0617
GK2023P618,GK2023P0618
GK2023P619,GK2023P0619
GK2023P620,GK2023P0620
GK2023P621,GK2023P0621
GK2023P622,GK2023P0622
GK2023P623,GK2023P0623
GK2023P624,GK2023P0624
GK2023P625,GK2023P0625
GK2023P626,GK2023P0626
GK2023P627,GK2023P0627
GK2023P628,GK2023P0628
GK2023P629,GK2023P0629
GK2023P630,GK2023P0630
GK2023P631,GK2023P0631
GK2023P632,GK2023P0632
GK2023P633,GK2023P0633
GK2023P634,GK2023P0634
GK2023P635,GK2023P0635
GK2023P636,GK2023P0636
GK2023P637,GK2023P0637
GK2023P638,GK2023P0638
GK2023P639,GK2023P0639
GK2023P640,GK2023P0640
GK2023P641,GK2023P0641
GK2023P642,GK2023P0642
GK2023P643,GK2023P0643
GK2023P644,GK2023P0644
GK2023P645,GK2023P0645
GK2023P646,GK2023P0646
GK2023P647,GK2023P0647
GK2023P648,GK2023P0648
GK2023P649,GK2023P0649
GK2023P650,GK2023P0650
GK2023P651,GK2023P0651
GK2023P652,GK2023P0652
GK2023P653,GK2023P0653
GK2023P654,GK2023P0654
GK2023P655,GK2023P0655
GK2023P656,GK2023P0656
GK2023P657,GK2023P0657
GK2023P658,GK2023P0658
GK2023P659,GK2023P0659
GK2023P660,GK2023P0660
GK2023P661,GK2023P0661
GK2023P662,GK2023P0662
GK2023P663,GK2023P0663
GK2023P664,GK2023P0664
GK2023P665,GK2023P0665
GK2023P666,GK2023P0666
GK2023P667,GK2023P0667
GK2023P668,GK2023P0668
GK2023P669,GK2023P0669
GK2023P670,GK2023P0670
GK2023P671,GK2023P0671
GK2023P672,GK2023P0672
GK2023P673,GK2023P0673
GK2023P674,GK2023P0674
GK2023P675,GK2023P0675
GK2023P676,GK2023P0676
GK2023P677,GK2023P0677
GK2023P678,GK2023P0678
GK2023P679,GK2023P0679
GK2023P680,GK2023P0680
GK2023P681,GK2023P0681
GK2023P682,GK2023P0682
GK2023P683,GK2023P0683
GK2023P684,GK2023P0684
GK2023P685,GK2023P0685
GK2023P686,GK2023P0686
GK2023P687,GK2023P0687
GK2023P688,GK2023P0688
GK2023P689,GK2023P0689
GK2023P690,GK2023P0690
GK2023P691,GK2023P0691
GK2023P692,GK2023P0692
GK2023P693,GK2023P0693
GK2023P694,GK2023P0694
GK2023P695,GK2023P0695
GK2023P696,GK2023P0696
GK2023P697,GK2023P0697
GK2023P698,GK2023P0698
GK2023P699,GK2023P0699
GK2023P700,GK2023P0700
GK2023P701,GK2023P0701
GK2023P702,GK2023P0702
GK2023P703,GK2023P0703
GK2023P704,GK2023P0704
GK2023P705,GK2023P0705
GK2023P706,GK2023P0706
GK2023P707,GK2023P0707
GK2023P708,GK2023P0708
GK2023P709,GK2023P0709
GK2023P710,GK2023P0710
GK2023P711,GK2023P0711
GK2023P712,GK2023P0712
GK2023P713,GK2023P0713
GK2023P714,GK2023P0714
GK2023P715,GK2023P0715
GK2023P716,GK2023P0716
GK2023P717,GK2023P0717
GK2023P718,GK2023P0718
GK2023P719,GK2023P0719
GK2023P720,GK2023P0720
GK2023P721,GK2023P0721
GK2023P722,GK2023P0722
GK2023P723,GK2023P0723
GK2023P724,GK2023P0724
GK2023P725,GK2023P0725
GK2023P726,GK2023P0726
GK2023P727,GK2023P0727
GK2023P728,GK2023P0728
GK2023P729,GK2023P0729
GK2023P730,GK2023P0730
GK2023P731,GK2023P0731
GK2023P732,GK2023P0732
GK2023P733,GK2023P0733
GK2023P734,GK2023P0734
GK2023P735,GK2023P0735
GK2023P736,GK2023P0736
GK2023P737,GK2023P0737
GK2023P738,GK2023P0738
GK2023P739,GK2023P0739
GK2023P740,GK2023P0740
GK2023P741,GK2023P0741
GK2023P742,GK2023P0742
GK2023P743,GK2023P0743
GK2023P744,GK2023P0744
GK2023P745,GK2023P0745
GK2023P746,GK2023P0746
GK2023P747,GK2023P0747
GK2023P748,GK2023P0748
GK2023P749,GK2023P0749
GK2023P750,GK2023P0750
GK2023P751,GK2023P0751
GK2023P752,GK2023P0752
GK2023P753,GK2023P0753
GK2023P754,GK2023P0754
GK2023P755,GK2023P0755
GK2023P756,GK2023P0756
GK2023P757,GK2023P0757
GK2023P758,GK2023P0758
GK2023P759,GK2023P0759
GK2023P760,GK2023P0760
GK2023P761,GK2023P0761
GK2023P762,GK2023P0762
GK2023P763,GK2023P0763
GK2023P764,GK2023P0764
GK2023P765,GK2023P0765
GK2023P766,GK2023P0766
GK2023P767,GK2023P0767
GK2023P768,GK2023P0768
GK2023P769,GK2023P0769
GK2023P770,GK2023P0770
GK2023P771,GK2023P0771
GK2023P772,GK2023P0772
GK2023P773,GK2023P0773
GK2023P774,GK2023P0774
GK2023P775,GK2023P0775
GK2023P776,GK2023P0776
GK2023P777,GK2023P0777
GK2023P778,GK2023P0778
GK2023P779,GK2023P0779
GK2023P780,GK2023P0780
GK2023P781,GK2023P0781
GK2023P782,GK2023P0782
GK2023P783,GK2023P0783
GK2023P784,GK2023P0784
GK2023P785,GK2023P0785
GK2023P786,GK2023P0786
GK2023P787,GK2023P0787
GK2023P788,GK2023P0788
GK2023P789,GK2023P0789
GK2023P790,GK2023P0790
GK2023P791,GK2023P0791
GK2023P792,GK2023P0792
GK2023P793,GK2023P0793
GK2023P794,GK2023P0794
GK2023P795,GK2023P0795
GK2023P796,GK2023P0796
GK2023P797,GK2023P0797
GK2023P798,GK2023P0798
GK2023P799,GK2023P0799
GK2023P800,GK2023P0800
GK2023P801,GK2023P0801
GK2023P802,GK2023P0802
GK2023P803,GK2023P0803
GK2023P804,GK2023P0804
GK2023P805,GK2023P0805
GK2023P806,GK2023P0806
GK2023P807,GK2023P0807
GK2023P808,GK2023P0808
GK2023P809,GK2023P0809
GK2023P810,GK2023P0810
GK2023P811,GK2023P0811
GK2023P812,GK2023P0812
GK2023P813,GK2023P0813
GK2023P814,GK2023P0814
GK2023P815,GK2023P0815
GK2023P816,GK2023P0816
GK2023P817,GK2023P0817
GK2023P818,GK2023P0818
GK2023P819,GK2023P0819
GK2023P820,GK2023P0820
GK2023P821,GK2023P0821
GK2023P822,GK2023P0822
GK2023P823,GK2023P0823
GK2023P824,GK2023P0824
GK2023P825,GK2023P0825
GK2023P826,GK2023P0826
GK2023P827,GK2023P0827
GK2023P828,GK2023P0828
GK2023P829,GK2023P0829
GK2023P830,GK2023P0830
GK2023P831,GK2023P0831
GK2023P832,GK2023P0832
GK2023P833,GK2023P0833
GK2023P834,GK2023P0834
GK2023P835,GK2023P0835
GK2023P836,GK2023P0836
GK2023P837,GK2023P0837
GK2023P838,GK2023P0838
GK2023P839,GK2023P0839
GK2023P840,GK2023P0840
GK2023P841,GK2023P0841
GK2023P842,GK2023P0842
GK2023P843,GK2023P0843
GK2023P844,GK2023P0844
GK2023P845,GK2023P0845
GK2023P846,GK2023P0846
GK2023P847,GK2023P0847
GK2023P848,GK2023P0848
GK2023P849,GK2023P0849
GK2023P850,GK2023P0850
GK2023P851,GK2023P0851
GK2023P852,GK2023P0852
GK2023P853,GK2023P0853
GK2023P854,GK2023P0854
GK2023P855,GK2023P0855
GK2023P856,GK2023P0856
GK2023P857,GK2023P0857
GK2023P858,GK2023P0858
GK2023P859,GK2023P0859
GK2023P860,GK2023P0860
GK2023P861,GK2023P0861
GK2023P862,GK2023P0862
GK2023P863,GK2023P0863
GK2023P864,GK2023P0864
GK2023P865,GK2023P0865
GK2023P866,GK2023P0866
GK2023P867,GK2023P0867
GK2023P868,GK2023P0868
GK2023P869,GK2023P0869
GK2023P870,GK2023P0870
GK2023P871,GK2023P0871
GK2023P872,GK2023P0872
GK2023P873,GK2023P0873
GK2023P874,GK2023P0874
GK2023P875,GK2023P0875
GK2023P876,GK2023P0876
GK2023P877,GK2023P0877
GK2023P878,GK2023P0878
GK2023P879,GK2023P0879
GK2023P880,GK2023P0880
GK2023P881,GK2023P0881
GK2023P882,GK2023P0882
GK2023P883,GK2023P0883
GK2023P884,GK2023P0884
GK2023P885,GK2023P0885
GK2023P886,GK2023P0886
GK2023P887,GK2023P0887
GK2023P888,GK2023P0888
GK2023P889,GK2023P0889
GK2023P890,GK2023P0890
GK2023P891,GK2023P0891
GK2023P892,GK2023P0892
GK2023P893,GK2023P0893
GK2023P894,GK2023P0894
GK2023P895,GK2023P0895
GK2023P896,GK2023P0896
GK2023P897,GK2023P0897
GK2023P898,GK2023P0898
GK2023P899,GK2023P0899
GK2023P900,GK2023P0900
GK2023P901,GK2023P0901
GK2023P902,GK2023P0902
GK2023P903,GK2023P0903
GK2023P904,GK2023P0904
GK2023P905,GK2023P0905
GK2023P906,GK2023P0906
GK2023P907,GK2023P0907
GK2023P908,GK2023P0908
GK2023P909,GK2023P0909
GK2023P910,GK2023P0910
GK2023P911,GK2023P0911
GK2023P912,GK2023P0912
GK2023P913,GK2023P0913
GK2023P914,GK2023P0914
GK2023P915,GK2023P0915
GK2023P916,GK2023P0916
GK2023P917,GK2023P0917
GK2023P918,GK2023P0918
GK2023P919,GK2023P0919
GK2023P920,GK2023P0920
GK2023P921,GK2023P0921
GK2023P922,GK2023P0922
GK2023P923,GK2023P0923
GK2023P924,GK2023P0924
GK2023P925,GK2023P0925
GK2023P926,GK2023P0926
GK2023P927,GK2023P0927
GK2023P928,GK2023P0928
GK2023P929,GK2023P0929
GK2023P930,GK2023P0930
GK2023P931,GK2023P0931
GK2023P932,GK2023P0932
GK2023P933,GK2023P0933
GK2023P934,GK2023P0934
GK2023P935,GK2023P0935
GK2023P936,GK2023P0936
GK2023P937,GK2023P0937
GK2023P938,GK2023P0938
GK2023P939,GK2023P0939
GK2023P940,GK2023P0940
GK2023P941,GK2023P0941
GK2023P942,GK2023P0942
GK2023P943,GK2023P0943
GK2023P944,GK2023P0944
GK2023P945,GK2023P0945
GK2023P946,GK2023P0946
GK2023P947,GK2023P0947
GK2023P948,GK2023P0948
GK2023P949,GK2023P0949
GK2023P950,GK2023P0950
GK2023P951,GK2023P0951
GK2023P952,GK2023P0952
GK2023P953,GK2023P0953
GK2023P954,GK2023P0954
GK2023P955,GK2023P0955
GK2023P956,GK2023P0956
GK2023P957,GK2023P0957
GK2023P958,GK2023P0958
GK2023P959,GK2023P0959
GK2023P960,GK2023P0960
GK2023P961,GK2023P0961
GK2023P962,GK2023P0962
GK2023P963,GK2023P0963
GK2023P964,GK2023P0964
GK2023P965,GK2023P0965
GK2023P966,GK2023P0966
GK2023P967,GK2023P0967
GK2023P968,GK2023P0968
GK2023P969,GK2023P0969
GK2023P970,GK2023P0970
GK2023P971,GK2023P0971
GK2023P972,GK2023P0972
GK2023P973,GK2023P0973
GK2023P974,GK2023P0974
GK2023P975,GK2023P0975
GK2023P976,GK2023P0976
GK2023P977,GK2023P0977
GK2023P978,GK2023P0978
GK2023P979,GK2023P0979
GK2023P980,GK2023P0980
GK2023P981,GK2023P0981
GK2023P982,GK2023P0982
GK2023P983,GK2023P0983
GK2023P984,GK2023P0984
GK2023P985,GK2023P0985
GK2023P986,GK2023P0986
GK2023P987,GK2023P0987
GK2023P988,GK2023P0988
GK2023P989,GK2023P0989
GK2023P990,GK2023P0990
GK2023P991,GK2023P0991
GK2023P992,GK2023P0992
GK2023P993,GK2023P0993
GK2023P994,GK2023P0994
GK2023P995,GK2023P0995
GK2023P996,GK2023P0996
GK2023P997,GK2023P0997
GK2023P998,GK2023P0998
GK2023P999,GK2023P0999
